feature,mean_abs_shap,in_bank_key18
F3898,1.6381842,False
F3914,0.66680324,False
F3908,0.4864549,False
F3484,0.29145634,False
F3922,0.22383,False
F3805,0.1606893,False
F3841,0.1529631,False
F3811,0.1466087,False
F2581,0.14591335,False
F270,0.14222497,False
F1921,0.13291436,False
F3534,0.12599532,False
F3812,0.12367955,False
F3105,0.12216217,False
F3807,0.11970385,False
F366,0.115836285,False
F3873,0.11459358,False
F3810,0.112195954,False
F119,0.110417135,False
F364,0.10771812,False
F3493,0.102068715,False
F949,0.10059228,False
F126,0.09887424,False
F3108,0.09517084,False
F148,0.093571916,False
F2029,0.08751801,False
F1705,0.087080814,False
F3806,0.08502129,False
F62,0.08336874,False
F631,0.07918195,False
F3913,0.076785505,False
F2075,0.07607685,False
F3640,0.07493906,False
F1057,0.074566014,False
F2782,0.07447927,False
F2447,0.07430145,False
F2638,0.07361334,False
F950,0.07132678,False
F2291,0.07043892,False
F2344,0.06935675,False
F3526,0.064324416,False
F2356,0.06401583,False
F3753,0.06264557,False
F1920,0.061219793,False
F2582,0.061149318,True
F1922,0.06098457,False
F3830,0.058927562,False
F120,0.058369797,False
F2183,0.05674663,False
F1381,0.05644502,False
F2891,0.055853624,False
F3641,0.055660475,False
F369,0.05402329,False
F3799,0.053663258,False
F1930,0.05361379,False
F2738,0.05327932,False
F2388,0.052266482,False
F3499,0.05145611,False
F422,0.05141005,False
F365,0.05013331,False
F1597,0.04965336,False
F2489,0.04836645,False
F2182,0.04830403,False
F3813,0.0479529,False
F2293,0.04789169,False
F427,0.04693421,False
F3136,0.04676262,False
F2349,0.046647847,False
F1810,0.045410123,False
F1813,0.045238834,False
F3919,0.045020714,False
F3736,0.04331771,False
F1706,0.043303363,False
F1602,0.042850994,False
F2784,0.042157486,False
F3907,0.041489694,False
F3607,0.04108929,False
F1608,0.04072505,False
F1636,0.040382687,False
F2350,0.040305384,False
F3495,0.040287178,False
F3642,0.040223654,False
F2068,0.040089753,False
F2583,0.039929148,False
F2137,0.03928268,False
F3712,0.038518198,False
F3801,0.038235478,False
F1751,0.03815506,False
F1924,0.03796879,False
F2480,0.037574008,False
F1165,0.03691738,False
F367,0.036611367,False
F1058,0.036548004,False
F2894,0.03622069,False
F3787,0.035221767,False
F1598,0.03491251,False
F261,0.034885734,False
F125,0.03470863,False
F1209,0.034604706,False
F1968,0.03452162,False
F3600,0.034473285,False
F2543,0.03443084,False
F1815,0.03431482,False
F1819,0.034202307,False
F1802,0.03387332,False
F2886,0.033783592,False
NA_COUNT,0.033718675,False
F3796,0.03306812,False
F2290,0.03305185,False
F64,0.032403603,False
F3872,0.03217411,False
F1489,0.032160673,False
F3808,0.031992793,False
F2074,0.031874903,False
F3840,0.031826533,False
F567,0.03179617,False
F1923,0.031537518,False
F1909,0.031325843,False
F116,0.030520324,False
F1863,0.030495347,False
F2142,0.030463856,False
F3881,0.030447023,False
F2584,0.030270014,False
F1744,0.030047214,False
F1599,0.029967496,False
F471,0.02981015,False
F996,0.029794276,False
F2787,0.029718217,False
F637,0.0294316,False
F2138,0.029381815,False
F469,0.029344482,False
F114,0.02933191,False
F1816,0.029128026,False
F1596,0.029089855,False
F468,0.028786669,False
F3920,0.028643012,False
F3797,0.028581468,False
F2737,0.028572485,True
F3649,0.028416062,False
F1818,0.028282765,False
F2999,0.028186176,False
F3492,0.028180758,False
F228,0.028129622,False
F1261,0.028044691,False
F328,0.027811836,False
F3700,0.027804367,False
F3708,0.027789485,False
F1647,0.027517958,False
F1716,0.02730202,False
F3750,0.027091913,False
F3063,0.026710847,False
F1388,0.026665028,False
F2883,0.026573678,False
F3093,0.026402565,False
F1104,0.026394458,False
F3062,0.02624463,False
F937,0.02622059,False
F1171,0.026190124,False
F2391,0.026177874,False
F3601,0.025848603,False
F1822,0.025782792,False
F3533,0.025279036,False
F2355,0.02505929,False
F465,0.024904186,False
F2367,0.02475569,False
F573,0.024508422,False
F2136,0.024323873,False
F3622,0.024250692,False
F2148,0.02419678,False
F1639,0.023544148,False
F3819,0.023453329,False
F1861,0.023161711,False
F2643,0.02315841,False
F154,0.022977958,False
F421,0.022906922,False
F3818,0.022773044,False
F562,0.022690818,False
F2956,0.022649772,True
F2443,0.022643333,False
F224,0.02241106,False
F3487,0.022322332,False
F2690,0.022221472,False
F2848,0.022142878,False
F1273,0.022014912,False
F524,0.02197687,False
F3537,0.021969793,False
F150,0.021901794,False
F3757,0.021741131,False
F2028,0.02161196,False
F3798,0.021601139,False
F1812,0.021506503,False
F3831,0.021398056,False
F466,0.0213813,False
F1644,0.021344362,False
F3498,0.021210311,False
F2686,0.021071851,False
F2651,0.02104689,False
F1043,0.0210265,False
F2380,0.020786515,False
F1717,0.02064847,False
F2586,0.020501586,False
F3002,0.020497201,False
F3603,0.020120384,False
F1282,0.020081833,False
F598,0.020066865,False
F259,0.020000601,False
F2585,0.019967673,False
F1323,0.019865278,False
F433,0.01979751,False
F1853,0.019782148,False
F1382,0.01977132,False
F2685,0.019649865,False
F2382,0.01961294,False
F568,0.019489149,False
F2682,0.01941181,False
F2234,0.01940425,False
F3800,0.01928417,False
F1927,0.019208482,False
F3751,0.01909568,False
F572,0.019089643,False
F3701,0.018945007,False
F2889,0.018923273,False
F163,0.018696224,False
F2641,0.018616647,False
F570,0.018585537,False
F2783,0.018374817,False
F1383,0.01831541,False
F1249,0.018120883,False
F1755,0.018110374,False
F2549,0.017893126,False
F3871,0.017672254,False
F625,0.01763893,False
F2527,0.017490063,False
F1713,0.017450372,False
F1710,0.01740367,False
F2683,0.017252738,False
F3635,0.017047372,False
F156,0.017035484,False
F1153,0.016921813,False
F1960,0.016907342,False
F1610,0.016730875,False
F2385,0.016682,False
F1166,0.016552854,False
F160,0.016515475,False
F3839,0.016502498,False
F3748,0.01643277,False
F3802,0.016303908,False
F1183,0.016252141,False
F14,0.01616155,False
F1750,0.016145736,False
F2343,0.015862456,False
F3821,0.015706914,False
F3490,0.015634991,False
F166,0.015622302,False
F1522,0.015555731,False
F2076,0.015518596,False
F1177,0.0155008,False
F1825,0.015476769,False
F3824,0.015432738,False
F2348,0.015360777,False
F1601,0.015332375,False
F231,0.015238868,False
F2748,0.015215726,False
F157,0.015142369,False
F1537,0.015032248,False
F3825,0.014827899,False
F2186,0.014723538,False
F152,0.01472181,False
F3106,0.014658232,False
F2254,0.014493802,False
F2040,0.014427348,False
F2484,0.014405064,False
F2259,0.01439053,False
F3804,0.014384831,False
F2189,0.014364662,False
F1824,0.014363223,False
F2176,0.014349182,False
F467,0.014212245,False
F1753,0.014205037,False
F2389,0.014123769,False
F23,0.014120927,False
F2184,0.014072499,False
F2547,0.014071211,False
F1585,0.013976086,False
F2440,0.01389893,False
F1712,0.013860064,False
F2740,0.013828019,False
F459,0.01348549,False
F3139,0.013444622,False
F3899,0.013336893,False
F322,0.0132947285,False
F1852,0.0132372575,False
F3598,0.013236071,False
F3717,0.013231245,False
F1609,0.013172526,False
F2639,0.013166522,False
F2575,0.013039593,False
F2842,0.012981178,False
F112,0.012832651,False
F1858,0.01274936,False
F3809,0.012748726,False
F2779,0.012680658,False
F528,0.01263565,False
F538,0.0126168905,False
F2776,0.012557765,False
F145,0.012555647,False
F3843,0.012551515,False
F2064,0.012464726,False
F1746,0.012431475,False
F1573,0.012392593,False
F3829,0.012389231,False
F2027,0.012380764,False
F2786,0.012310464,False
F193,0.012259827,False
F2247,0.012201984,False
F2450,0.0121925315,False
F2745,0.012134198,False
F556,0.012005679,False
F3606,0.011967173,False
F2781,0.011925136,False
F1594,0.011912258,False
F3636,0.011883512,False
F3594,0.011881739,False
F2351,0.011836267,False
F426,0.011821088,False
F2039,0.01181584,False
F332,0.0118049765,False
F2125,0.011786425,False
F2637,0.011783932,False
F4,0.011778141,False
F2855,0.011664325,False
F358,0.01163102,False
F2286,0.011578684,False
F2851,0.011542663,False
F2481,0.011488834,False
F3112,0.011488378,False
F1754,0.011456146,False
F3784,0.01137794,False
F3096,0.011339787,False
F3599,0.0113298595,False
F3742,0.011323967,False
F196,0.0112896,False
F2478,0.011281804,False
F1215,0.011260717,False
F1491,0.011207231,False
F2387,0.011174988,False
F3888,0.011048966,False
F1246,0.010960932,False
F2038,0.010957741,False
F2143,0.010872833,False
F2716,0.010837054,False
F2681,0.010760456,False
F2649,0.010746902,False
F1757,0.010734867,False
F320,0.010585874,False
F511,0.01057167,False
F2034,0.010523459,False
F334,0.010486596,False
F3816,0.010433189,False
F1370,0.010424691,False
F3485,0.010401334,False
F2642,0.01039437,False
F2675,0.010387383,False
F253,0.010176326,False
F3882,0.010101514,False
F2482,0.010075616,False
F496,0.010060116,False
F2537,0.010016139,False
F3527,0.010003261,False
F2236,0.009958144,False
F3141,0.009932877,False
F2896,0.009921366,False
F268,0.009891643,False
F3900,0.00988692,False
F1963,0.009885364,False
F1703,0.009859427,False
F3078,0.009845303,False
F1919,0.009834596,False
F2144,0.009823236,False
F2145,0.009807625,False
F522,0.009780022,False
F2741,0.009775916,False
F991,0.009754401,False
F2347,0.009730902,False
F439,0.009706029,False
F1318,0.009688849,False
F2062,0.009659635,False
F3822,0.00962986,False
F999,0.009620407,False
F566,0.009584763,False
F2746,0.009583646,False
F3887,0.009555725,True
F527,0.009544399,True
F1431,0.009508858,False
F3541,0.009489504,False
F1045,0.009481565,False
F2487,0.009458256,False
F2688,0.009449374,False
F1509,0.009447916,False
F1087,0.009417905,False
F1704,0.009385308,False
F265,0.009380888,False
F118,0.0093616145,False
F24,0.009323971,False
F2580,0.009286224,False
F1105,0.009267365,False
F3789,0.009250873,False
F2486,0.00924298,False
F3880,0.0092371395,False
F3645,0.009222706,False
F57,0.00920654,False
F3532,0.009195076,False
F1605,0.009142524,False
F3486,0.009138552,False
F2834,0.009096323,False
F1938,0.009069619,False
F2253,0.009060985,False
F1933,0.009056934,False
F161,0.009014734,False
F1970,0.008938947,False
F2346,0.008899131,False
F3835,0.00880562,False
F1817,0.008777595,False
F2141,0.008765403,False
F3743,0.008714713,False
F3043,0.008711815,True
F1820,0.008691751,False
F533,0.0086809015,False
F847,0.00862021,False
F3827,0.008574365,False
F2384,0.008525802,False
F3065,0.0084552085,False
F2386,0.008436296,False
F2427,0.008429892,False
F2548,0.008384775,False
F448,0.008376631,False
F1967,0.008374799,False
F162,0.008342842,False
F2454,0.008333954,False
F1478,0.0083070565,False
F2261,0.008255825,False
F3489,0.00815136,False
F59,0.008098516,False
F425,0.008082294,False
F2546,0.00800193,False
F2994,0.0080007,False
F2668,0.007986597,False
F1312,0.0079764845,False
F3814,0.007970622,False
F1154,0.007955327,False
F3759,0.0079444405,False
F3738,0.007902309,False
F3639,0.007888738,False
F408,0.007874007,False
F2173,0.007855279,False
F1106,0.0078513445,False
F260,0.007846097,False
F1429,0.007841551,False
F2297,0.007839163,False
F122,0.007792148,False
F1849,0.0077443076,False
F2177,0.0076700053,False
F2033,0.0076260325,False
F470,0.007611803,False
F1369,0.007602249,False
F532,0.0075981454,False
F331,0.0075864005,False
F3644,0.00757926,False
F1862,0.007507571,False
F1641,0.007474432,False
F1646,0.0074552703,False
F2390,0.0074547,False
F2647,0.0074449508,False
F2439,0.0074403207,False
F2663,0.0074071307,False
F2957,0.00739634,False
F1865,0.0073680244,False
F362,0.007363467,False
F336,0.0073622563,False
F3921,0.0073055704,False
F1962,0.007297194,False
F457,0.007250818,False
F3051,0.007149634,False
F2840,0.0071462165,False
F2754,0.0070985276,False
F2525,0.007078748,False
F2328,0.0070139817,False
F2540,0.0070131645,False
F2331,0.007009043,False
F171,0.006946853,False
F3817,0.0069362563,False
F1856,0.00692093,False
F2354,0.0068754163,False
F2747,0.00678127,False
F3491,0.0067808293,False
F472,0.0067091538,False
F419,0.0067081605,False
F525,0.006694277,False
F1932,0.0066842474,False
F475,0.006653046,False
F227,0.0066021485,False
F229,0.006561842,False
F20,0.006554715,False
F1685,0.0065322914,False
F2724,0.006512433,False
F2940,0.006483294,False
F3889,0.0064638737,True
F1743,0.0064240876,False
F3803,0.006255423,False
F844,0.0062243356,False
F2648,0.006171003,False
F3115,0.0061669103,False
F535,0.0061500277,False
F565,0.00611787,False
F17,0.006108222,False
F1821,0.0060925824,False
F3494,0.0060887435,False
F2532,0.0060432497,False
F3715,0.006041785,False
F208,0.0059936247,False
F473,0.005976721,False
F3605,0.00595577,False
F478,0.0059164236,False
F2678,0.0059163375,True
F1801,0.005901919,False
F2718,0.005901119,False
F3726,0.005853313,False
F3138,0.0058384486,False
F2967,0.0058176075,False
F3706,0.005806903,False
F2244,0.0058055352,False
F361,0.0057560615,False
F3894,0.005734251,True
F2544,0.0055849166,False
F85,0.0055483924,False
F1971,0.0055482206,False
F359,0.0055179736,False
F2175,0.0054853484,False
F3604,0.0054718074,False
F3496,0.0054548816,False
F159,0.0054257936,False
F2122,0.005406174,True
F2591,0.0053788912,False
F267,0.0053765615,False
F781,0.005369176,False
F3842,0.005366966,False
F2752,0.0053599863,False
F2191,0.005305853,False
F3592,0.005284168,False
F1275,0.005271592,False
F1760,0.0052171247,False
F2624,0.005189152,False
F108,0.0051695695,False
F2483,0.005162331,False
F1645,0.0051428494,False
F2536,0.0051133195,False
F1814,0.0050793695,False
F3009,0.0050792415,False
F523,0.005067296,False
F2172,0.0050517623,False
F2831,0.0050305547,False
F2890,0.004980192,False
F1931,0.004953823,False
F3045,0.0049504144,False
F2676,0.004950231,False
F2884,0.004933269,False
F2438,0.0049093333,False
F569,0.0048987195,False
F3723,0.004884813,False
F1185,0.0048595127,False
F3539,0.0048571574,False
F272,0.004775974,False
F3474,0.0047616637,False
F1826,0.004749173,False
F155,0.004705656,False
F3826,0.0046987385,False
F374,0.0046811835,False
F370,0.004630462,False
F2991,0.004629805,False
F435,0.0045868983,False
F3443,0.0045781527,False
F325,0.004566545,False
F2780,0.0045493976,False
F379,0.004531106,False
F1095,0.00452721,False
F2491,0.0045138425,False
F2791,0.004503961,False
F2990,0.0044910247,False
F2735,0.004404414,False
F3859,0.0043948554,False
F2796,0.004388781,False
F3705,0.0043607047,False
F2672,0.0043418817,False
F2837,0.0043403367,False
F1071,0.0043293056,False
F2157,0.0043251994,False
F961,0.0042887866,False
F60,0.0042780126,False
F2596,0.004265271,False
F3109,0.004235414,False
F2691,0.004204266,False
F2442,0.004100855,False
F2574,0.0040509845,False
F3232,0.004040597,False
F30,0.0040361034,False
F3755,0.0040079732,False
F563,0.003986549,False
F3828,0.003967132,False
F1965,0.003931232,False
F3004,0.0038830275,False
F3107,0.0038751801,False
F61,0.0038746349,False
F1173,0.0038560473,False
F2556,0.0038494996,False
F2073,0.003838118,False
F3852,0.0038300795,False
F263,0.0038235653,False
F1961,0.003794838,False
F1172,0.0037815645,False
F3690,0.0037393938,False
F2139,0.0037054236,False
F512,0.0037025467,False
F1322,0.003606147,False
F3793,0.0036032298,False
F172,0.0035704311,False
F368,0.003567926,False
F992,0.0035506524,False
F479,0.003538414,False
F269,0.003462325,False
F2400,0.0034433317,False
F434,0.0034361025,False
F2898,0.0034069438,False
F123,0.0034060436,False
F3749,0.0034060085,False
F3739,0.003389746,False
F102,0.0033608978,False
F63,0.003264454,False
F2035,0.0032409017,False
F3007,0.003235356,False
F3628,0.003206072,False
F2893,0.0032005792,False
F2030,0.00319424,False
F1652,0.0031866876,False
F2739,0.0031779646,False
F1928,0.0031560888,False
F2792,0.003147598,False
F1860,0.00311749,False
F3609,0.003069121,False
F3643,0.0030038636,False
F3630,0.002978444,False
F357,0.0029713397,False
F2736,0.002954995,False
F2799,0.0029521263,False
F373,0.0029395828,False
F3404,0.0028951995,False
F2992,0.0028764266,False
F1811,0.002851355,False
F3536,0.0028498585,False
F526,0.0028468887,False
F2587,0.00275575,False
F308,0.002749868,False
F2170,0.0027467052,False
F2755,0.002734077,False
F151,0.0027216312,False
F2671,0.0027136295,False
F3500,0.0027077075,False
F1964,0.0027040173,False
F2554,0.002679161,False
F2292,0.002641433,False
F464,0.002616175,False
F1389,0.0025991804,False
F2009,0.0025514609,False
F2593,0.0025380035,False
F3724,0.0025326712,False
F564,0.0025209994,False
F2032,0.00252085,False
F2996,0.002511923,False
F3146,0.0024735741,False
F1059,0.0024645869,False
F2835,0.0023991726,False
F3897,0.0023869735,False
F2150,0.002365798,False
F363,0.002337598,False
F2448,0.002337564,False
F326,0.0023111338,False
F3235,0.0022852013,False
F1649,0.002278766,False
F416,0.002235495,False
F482,0.002231597,False
F2488,0.002230325,False
F1543,0.0022271257,False
F1767,0.0022170623,False
F2429,0.0022036987,False
F2016,0.0021482264,False
F2279,0.0021161172,False
F1069,0.0021112992,False
F2576,0.0021072223,False
F3584,0.002069067,False
F219,0.0020325815,False
F3721,0.0020270892,False
F220,0.002026666,False
F2026,0.0020016676,False
F2124,0.0019998455,False
F3150,0.0019995167,False
F2281,0.001942245,False
F518,0.0019341111,False
F515,0.0019322991,False
F2459,0.0019130717,False
F2223,0.0019104967,False
F309,0.001896447,False
F16,0.001881479,False
F2997,0.001871796,False
F517,0.0018242513,False
F2770,0.0018216436,False
F2551,0.0018107512,False
F2598,0.0017553577,False
F129,0.0017533277,False
F2669,0.0015828137,False
F3896,0.001534484,False
F1954,0.0014258599,False
F2200,0.0014204616,False
F886,0.0012075934,False
F301,0.0011855292,False
F456,0.0011681803,False
F3239,0.0011447242,False
F1859,0.0011264083,False
F783,0.0010899081,False
F460,0.0009982382,False
F2579,0.0009941785,False
F92,0.000986819,False
F221,0.0009707134,False
F391,0.0009699838,False
F1214,0.00095087796,False
F65,0.0009101412,False
F95,0.0008368564,False
F385,0.00081978604,False
F2146,0.00073216436,False
F3227,0.0005929913,False
F1707,0.00048149072,False
F2485,0.00037283992,False
F142,0.00032503784,False
F13,0.00026089675,False
F204,0.000108114094,False
F2602,0.0,False
F2625,0.0,False
F3747,0.0,False
F2623,0.0,False
F2646,0.0,False
F2615,0.0,False
F3746,0.0,False
F2622,0.0,False
F2601,0.0,False
F2616,0.0,False
F2599,0.0,False
F2626,0.0,False
F2621,0.0,False
F2620,0.0,False
F3745,0.0,False
F3744,0.0,False
F2617,0.0,False
F2597,0.0,False
F3763,0.0,False
F2619,0.0,False
F2595,0.0,False
F2618,0.0,False
F2594,0.0,False
F2604,0.0,False
F2610,0.0,False
F2627,0.0,False
F2606,0.0,False
F3762,0.0,False
F2612,0.0,False
F2640,0.0,False
F3760,0.0,False
F3766,0.0,False
F2613,0.0,False
F3765,0.0,False
F2609,0.0,False
F3758,0.0,False
F2614,0.0,False
F3761,0.0,False
F3756,0.0,False
F2608,0.0,False
F3754,0.0,False
F2645,0.0,False
F2605,0.0,False
F2636,0.0,False
F3764,0.0,False
F2635,0.0,False
F3752,0.0,False
F2634,0.0,False
F2633,0.0,False
F2632,0.0,False
F2631,0.0,False
F2630,0.0,False
F2611,0.0,False
F2629,0.0,False
F2628,0.0,False
F2644,0.0,False
F3732,0.0,False
F3741,0.0,False
F2760,0.0,False
F2762,0.0,False
F2763,0.0,False
F2764,0.0,False
F2765,0.0,False
F2766,0.0,False
F2767,0.0,False
F2768,0.0,False
F2769,0.0,False
F2771,0.0,False
F2772,0.0,False
F2773,0.0,False
F2774,0.0,False
F2775,0.0,False
F3704,0.0,False
F2777,0.0,False
F2761,0.0,False
F2759,0.0,False
F2650,0.0,False
F2758,0.0,False
F2734,0.0,False
F3716,0.0,False
F3714,0.0,False
F3713,0.0,False
F3711,0.0,False
F2742,0.0,False
F2743,0.0,False
F2744,0.0,False
F3710,0.0,False
F3709,0.0,False
F3707,0.0,False
F2749,0.0,False
F2750,0.0,False
F2751,0.0,False
F2757,0.0,False
F2778,0.0,False
F3703,0.0,False
F3702,0.0,False
F3699,0.0,False
F2809,0.0,False
F2811,0.0,False
F2812,0.0,False
F2813,0.0,False
F2815,0.0,False
F2816,0.0,False
F2817,0.0,False
F2818,0.0,False
F2819,0.0,False
F2820,0.0,False
F2821,0.0,False
F3695,0.0,False
F2822,0.0,False
F3694,0.0,False
F2823,0.0,False
F2808,0.0,False
F2806,0.0,False
F2805,0.0,False
F2793,0.0,False
F3698,0.0,False
F2785,0.0,False
F2788,0.0,False
F2789,0.0,False
F3697,0.0,False
F2790,0.0,False
F2794,0.0,False
F2803,0.0,False
F2795,0.0,False
F2797,0.0,False
F2798,0.0,False
F2800,0.0,False
F2802,0.0,False
F3696,0.0,False
F2733,0.0,False
F2732,0.0,False
F2731,0.0,False
F2698,0.0,False
F2677,0.0,False
F2679,0.0,False
F2680,0.0,False
F3737,0.0,False
F2684,0.0,False
F3735,0.0,False
F2687,0.0,False
F3734,0.0,False
F2689,0.0,False
F3733,0.0,False
F2692,0.0,False
F2693,0.0,False
F2694,0.0,False
F2695,0.0,False
F2696,0.0,False
F2674,0.0,False
F2673,0.0,False
F2670,0.0,False
F2658,0.0,False
F3740,0.0,False
F2652,0.0,False
F2653,0.0,False
F2654,0.0,False
F2656,0.0,False
F2657,0.0,False
F2659,0.0,False
F2667,0.0,False
F2660,0.0,False
F2661,0.0,False
F2662,0.0,False
F2664,0.0,False
F2665,0.0,False
F2666,0.0,False
F2697,0.0,False
F2699,0.0,False
F2730,0.0,False
F2700,0.0,False
F3730,0.0,False
F3729,0.0,False
F3728,0.0,False
F2721,0.0,False
F2722,0.0,False
F3727,0.0,False
F2723,0.0,False
F3725,0.0,False
F2725,0.0,False
F3720,0.0,False
F2726,0.0,False
F3718,0.0,False
F2727,0.0,False
F2728,0.0,False
F2729,0.0,False
F2720,0.0,False
F2719,0.0,False
F2717,0.0,False
F2708,0.0,False
F2701,0.0,False
F2702,0.0,False
F2703,0.0,False
F2704,0.0,False
F2705,0.0,False
F2706,0.0,False
F2709,0.0,False
F3731,0.0,False
F2710,0.0,False
F2711,0.0,False
F2712,0.0,False
F2713,0.0,False
F2714,0.0,False
F2715,0.0,False
F2592,0.0,False
F2535,0.0,False
F2590,0.0,False
F2368,0.0,False
F2359,0.0,False
F2361,0.0,False
F2362,0.0,False
F2363,0.0,False
F2364,0.0,False
F2365,0.0,False
F2366,0.0,False
F2369,0.0,False
F2357,0.0,False
F2370,0.0,False
F2371,0.0,False
F2372,0.0,False
F2373,0.0,False
F2374,0.0,False
F2375,0.0,False
F2376,0.0,False
F2358,0.0,False
F3874,0.0,False
F2378,0.0,False
F2345,0.0,False
F3902,0.0,False
F3901,0.0,False
F3895,0.0,False
F3893,0.0,False
F3892,0.0,False
F3891,0.0,True
F3890,0.0,False
F3886,0.0,False
F3877,0.0,False
F3885,0.0,False
F3884,0.0,False
F3883,0.0,False
F3879,0.0,False
F2352,0.0,False
F2353,0.0,False
F3878,0.0,False
F2377,0.0,False
F2379,0.0,False
F2341,0.0,False
F2409,0.0,False
F2401,0.0,False
F2402,0.0,False
F2403,0.0,False
F2404,0.0,False
F2405,0.0,False
F2407,0.0,False
F2408,0.0,False
F2410,0.0,False
F3861,0.0,False
F2411,0.0,False
F2412,0.0,False
F2413,0.0,False
F2414,0.0,False
F2415,0.0,False
F2416,0.0,False
F2417,0.0,False
F3860,0.0,False
F2399,0.0,False
F2381,0.0,False
F3865,0.0,False
F2383,0.0,False
F3870,0.0,False
F3869,0.0,False
F3868,0.0,False
F3867,0.0,False
F3866,0.0,False
F2392,0.0,False
F3864,0.0,False
F2398,0.0,False
F3863,0.0,False
F2393,0.0,False
F2394,0.0,False
F2395,0.0,False
F2396,0.0,False
F3862,0.0,False
F2397,0.0,False
F2342,0.0,False
F2340,0.0,False
F2419,0.0,False
F2288,0.0,False
F3916,0.0,False
F2282,0.0,False
F3915,0.0,False
F2283,0.0,False
F2284,0.0,False
F2285,0.0,False
F2287,0.0,False
F2289,0.0,False
F2278,0.0,False
F3910,0.0,False
F2294,0.0,False
F2295,0.0,False
F2296,0.0,False
F2298,0.0,False
F2299,0.0,False
F2300,0.0,False
F2280,0.0,False
F2277,0.0,False
F2302,0.0,False
F2268,0.0,False
F2263,0.0,False
F3923,0.0,False
F2264,0.0,False
F2265,0.0,False
F2266,0.0,False
F2267,0.0,False
F3918,0.0,False
F2269,0.0,False
F2276,0.0,False
F2270,0.0,False
F2271,0.0,False
F2272,0.0,False
F3917,0.0,False
F2273,0.0,False
F2274,0.0,False
F2275,0.0,False
F2301,0.0,False
F2303,0.0,False
F2339,0.0,False
F2329,0.0,False
F2322,0.0,False
F3903,0.0,False
F2323,0.0,False
F2324,0.0,False
F2325,0.0,False
F2326,0.0,False
F2327,0.0,False
F2330,0.0,False
F2320,0.0,False
F2332,0.0,False
F2333,0.0,False
F2334,0.0,False
F2335,0.0,False
F2336,0.0,False
F2337,0.0,False
F2338,0.0,False
F2321,0.0,False
F2319,0.0,False
F2304,0.0,False
F2313,0.0,False
F2305,0.0,False
F2306,0.0,False
F2307,0.0,False
F2308,0.0,False
F2309,0.0,False
F2310,0.0,False
F2311,0.0,False
F2314,0.0,False
F3904,0.0,False
F2315,0.0,False
F2316,0.0,False
F2317,0.0,False
F3909,0.0,False
F2318,0.0,False
F3906,0.0,False
F3905,0.0,False
F2418,0.0,False
F2420,0.0,False
F2589,0.0,False
F2825,0.0,False
F3815,0.0,False
F2528,0.0,False
F2529,0.0,False
F2530,0.0,False
F2531,0.0,False
F2533,0.0,False
F2534,0.0,False
F2538,0.0,False
F2524,0.0,False
F2539,0.0,False
F2541,0.0,False
F2542,0.0,False
F2545,0.0,False
F3795,0.0,False
F3794,0.0,False
F2550,0.0,False
F2526,0.0,False
F2523,0.0,False
F2557,0.0,False
F2513,0.0,False
F2506,0.0,False
F2507,0.0,False
F2508,0.0,False
F2509,0.0,False
F2510,0.0,False
F2511,0.0,False
F2512,0.0,False
F2514,0.0,False
F2522,0.0,False
F2515,0.0,False
F2516,0.0,False
F2517,0.0,False
F2518,0.0,False
F2519,0.0,False
F2520,0.0,False
F2521,0.0,False
F2553,0.0,False
F2558,0.0,False
F2504,0.0,False
F2578,0.0,False
F3777,0.0,False
F2570,0.0,False
F2571,0.0,False
F2572,0.0,False
F2573,0.0,False
F3775,0.0,False
F2577,0.0,False
F3774,0.0,False
F3779,0.0,False
F3772,0.0,False
F3771,0.0,False
F3770,0.0,False
F3769,0.0,False
F3768,0.0,False
F3767,0.0,False
F2588,0.0,False
F3778,0.0,False
F3781,0.0,False
F2559,0.0,False
F2567,0.0,False
F2560,0.0,False
F2561,0.0,False
F2562,0.0,False
F2563,0.0,False
F2564,0.0,False
F2565,0.0,False
F2566,0.0,False
F2568,0.0,False
F3782,0.0,False
F3792,0.0,False
F3791,0.0,False
F2569,0.0,False
F3790,0.0,False
F3788,0.0,False
F3786,0.0,False
F3785,0.0,False
F2505,0.0,False
F2503,0.0,False
F3858,0.0,False
F3849,0.0,False
F2441,0.0,False
F3851,0.0,False
F2444,0.0,False
F2445,0.0,False
F2446,0.0,False
F3850,0.0,False
F2449,0.0,False
F2451,0.0,False
F2436,0.0,False
F2452,0.0,False
F2453,0.0,False
F2456,0.0,False
F2457,0.0,False
F2460,0.0,False
F2461,0.0,False
F2462,0.0,False
F2437,0.0,False
F2435,0.0,False
F2464,0.0,False
F2424,0.0,False
F3857,0.0,False
F2421,0.0,False
F2422,0.0,False
F3856,0.0,False
F2423,0.0,False
F3855,0.0,False
F3854,0.0,False
F2425,0.0,False
F2434,0.0,False
F2426,0.0,False
F3853,0.0,False
F2428,0.0,False
F2430,0.0,False
F2431,0.0,False
F2432,0.0,False
F2433,0.0,False
F2463,0.0,False
F2465,0.0,False
F2502,0.0,False
F2495,0.0,False
F3834,0.0,False
F2490,0.0,False
F3833,0.0,False
F2492,0.0,False
F2493,0.0,False
F3832,0.0,False
F2494,0.0,False
F2496,0.0,False
F3837,0.0,False
F3823,0.0,False
F3820,0.0,False
F2497,0.0,False
F2498,0.0,False
F2499,0.0,False
F2500,0.0,False
F2501,0.0,False
F3836,0.0,True
F3838,0.0,False
F2466,0.0,False
F3846,0.0,False
F2467,0.0,False
F2468,0.0,False
F2469,0.0,False
F3848,0.0,False
F2470,0.0,False
F3847,0.0,False
F2471,0.0,False
F3845,0.0,False
F2479,0.0,False
F2472,0.0,False
F2473,0.0,False
F2474,0.0,False
F2475,0.0,False
F2476,0.0,False
F2477,0.0,False
F3844,0.0,False
F2824,0.0,False
F2885,0.0,False
F2826,0.0,False
F3403,0.0,False
F3333,0.0,False
F3334,0.0,False
F3335,0.0,False
F3336,0.0,False
F3337,0.0,False
F3339,0.0,False
F3340,0.0,False
F3342,0.0,False
F3343,0.0,False
F3345,0.0,False
F3346,0.0,False
F3347,0.0,False
F3349,0.0,False
F3637,0.0,False
F3350,0.0,False
F3352,0.0,False
F3353,0.0,False
F3354,0.0,False
F3355,0.0,False
F3332,0.0,False
F3331,0.0,False
F3330,0.0,False
F3319,0.0,False
F3311,0.0,False
F3312,0.0,False
F3313,0.0,False
F3314,0.0,False
F3315,0.0,False
F3316,0.0,False
F3317,0.0,False
F3318,0.0,False
F3320,0.0,False
F3329,0.0,False
F3321,0.0,False
F3322,0.0,False
F3323,0.0,False
F3324,0.0,False
F3325,0.0,False
F3326,0.0,False
F3327,0.0,False
F3328,0.0,False
F3356,0.0,False
F3357,0.0,False
F3358,0.0,False
F3390,0.0,False
F3382,0.0,False
F3383,0.0,False
F3384,0.0,False
F3385,0.0,False
F3386,0.0,False
F3387,0.0,False
F3388,0.0,False
F3389,0.0,False
F3391,0.0,False
F3380,0.0,False
F3392,0.0,False
F3393,0.0,False
F3394,0.0,False
F3396,0.0,False
F3397,0.0,False
F3399,0.0,False
F3400,0.0,False
F3401,0.0,False
F3381,0.0,False
F3379,0.0,False
F3359,0.0,False
F3368,0.0,False
F3360,0.0,False
F3361,0.0,False
F3362,0.0,False
F3363,0.0,False
F3364,0.0,False
F3365,0.0,False
F3366,0.0,False
F3367,0.0,False
F3369,0.0,False
F3378,0.0,False
F3370,0.0,False
F3371,0.0,False
F3372,0.0,False
F3373,0.0,False
F3374,0.0,False
F3375,0.0,False
F3376,0.0,False
F3377,0.0,False
F3310,0.0,False
F3309,0.0,False
F3308,0.0,False
F3252,0.0,False
F3244,0.0,False
F3245,0.0,False
F3246,0.0,False
F3247,0.0,False
F3248,0.0,False
F3249,0.0,False
F3250,0.0,False
F3251,0.0,False
F3253,0.0,False
F3241,0.0,False
F3254,0.0,False
F3255,0.0,False
F3256,0.0,False
F3257,0.0,False
F3258,0.0,False
F3259,0.0,False
F3260,0.0,False
F3261,0.0,False
F3242,0.0,False
F3238,0.0,False
F3263,0.0,False
F3221,0.0,False
F3213,0.0,False
F3214,0.0,False
F3215,0.0,False
F3216,0.0,False
F3217,0.0,False
F3218,0.0,False
F3219,0.0,False
F3220,0.0,False
F3222,0.0,False
F3237,0.0,False
F3223,0.0,False
F3224,0.0,False
F3225,0.0,False
F3226,0.0,False
F3228,0.0,False
F3229,0.0,False
F3231,0.0,False
F3234,0.0,False
F3262,0.0,False
F3264,0.0,False
F3307,0.0,False
F3298,0.0,False
F3289,0.0,False
F3291,0.0,False
F3292,0.0,False
F3293,0.0,False
F3294,0.0,False
F3295,0.0,False
F3296,0.0,False
F3297,0.0,False
F3299,0.0,False
F3286,0.0,False
F3300,0.0,False
F3301,0.0,False
F3302,0.0,False
F3303,0.0,False
F3304,0.0,False
F3305,0.0,False
F3638,0.0,False
F3306,0.0,False
F3288,0.0,False
F3285,0.0,False
F3265,0.0,False
F3274,0.0,False
F3266,0.0,False
F3267,0.0,False
F3268,0.0,False
F3269,0.0,False
F3270,0.0,False
F3271,0.0,False
F3272,0.0,False
F3273,0.0,False
F3275,0.0,False
F3284,0.0,False
F3276,0.0,False
F3277,0.0,False
F3278,0.0,False
F3279,0.0,False
F3280,0.0,False
F3281,0.0,False
F3282,0.0,False
F3283,0.0,False
F3402,0.0,False
F3405,0.0,False
F3211,0.0,False
F3406,0.0,False
F3524,0.0,False
F3615,0.0,False
F3525,0.0,False
F3613,0.0,False
F3612,0.0,False
F3528,0.0,False
F3529,0.0,False
F3530,0.0,False
F3531,0.0,False
F3610,0.0,False
F3535,0.0,False
F3608,0.0,False
F3538,0.0,False
F3540,0.0,False
F3542,0.0,False
F3543,0.0,False
F3544,0.0,False
F3545,0.0,False
F3602,0.0,False
F3523,0.0,False
F3522,0.0,False
F3521,0.0,False
F3515,0.0,False
F3507,0.0,False
F3508,0.0,False
F3509,0.0,False
F3510,0.0,False
F3511,0.0,False
F3512,0.0,False
F3513,0.0,False
F3514,0.0,False
F3516,0.0,False
F3520,0.0,False
F3517,0.0,False
F3518,0.0,False
F3620,0.0,False
F3619,0.0,False
F3519,0.0,False
F3618,0.0,False
F3617,0.0,False
F3616,0.0,False
F3597,0.0,False
F3596,0.0,False
F3546,0.0,False
F3580,0.0,False
F3572,0.0,False
F3573,0.0,False
F3574,0.0,False
F3575,0.0,False
F3576,0.0,False
F3577,0.0,False
F3578,0.0,False
F3579,0.0,False
F3581,0.0,False
F3570,0.0,False
F3582,0.0,False
F3583,0.0,False
F3585,0.0,False
F3591,0.0,False
F3590,0.0,False
F3589,0.0,False
F3586,0.0,False
F3587,0.0,False
F3571,0.0,False
F3593,0.0,False
F3547,0.0,False
F3555,0.0,False
F3548,0.0,False
F3549,0.0,False
F3550,0.0,False
F3551,0.0,False
F3595,0.0,False
F3552,0.0,False
F3553,0.0,False
F3554,0.0,False
F3556,0.0,False
F3569,0.0,False
F3558,0.0,False
F3559,0.0,False
F3561,0.0,False
F3562,0.0,False
F3563,0.0,False
F3565,0.0,False
F3566,0.0,False
F3568,0.0,False
F3505,0.0,False
F3504,0.0,False
F3502,0.0,False
F3437,0.0,False
F3429,0.0,False
F3430,0.0,False
F3431,0.0,False
F3432,0.0,False
F3433,0.0,False
F3434,0.0,False
F3435,0.0,False
F3436,0.0,False
F3438,0.0,False
F3427,0.0,False
F3439,0.0,False
F3440,0.0,False
F3441,0.0,False
F3442,0.0,False
F3444,0.0,False
F3445,0.0,False
F3446,0.0,False
F3447,0.0,False
F3428,0.0,False
F3426,0.0,False
F3450,0.0,False
F3415,0.0,False
F3407,0.0,False
F3408,0.0,False
F3409,0.0,False
F3410,0.0,False
F3411,0.0,False
F3412,0.0,False
F3413,0.0,False
F3414,0.0,False
F3416,0.0,False
F3425,0.0,False
F3417,0.0,False
F3418,0.0,False
F3419,0.0,False
F3420,0.0,False
F3421,0.0,False
F3422,0.0,False
F3423,0.0,False
F3424,0.0,False
F3448,0.0,False
F3451,0.0,False
F3501,0.0,False
F3631,0.0,False
F3476,0.0,False
F3477,0.0,False
F3478,0.0,False
F3479,0.0,False
F3480,0.0,False
F3481,0.0,False
F3482,0.0,False
F3483,0.0,False
F3629,0.0,False
F3632,0.0,False
F3488,0.0,False
F3627,0.0,False
F3626,0.0,False
F3625,0.0,False
F3624,0.0,False
F3497,0.0,False
F3623,0.0,False
F3621,0.0,False
F3475,0.0,False
F3473,0.0,False
F3453,0.0,False
F3464,0.0,False
F3454,0.0,False
F3455,0.0,False
F3457,0.0,False
F3458,0.0,False
F3460,0.0,False
F3461,0.0,False
F3462,0.0,False
F3463,0.0,False
F3634,0.0,False
F3472,0.0,False
F3465,0.0,False
F3466,0.0,False
F3467,0.0,False
F3468,0.0,False
F3469,0.0,False
F3633,0.0,False
F3470,0.0,False
F3471,0.0,False
F3212,0.0,False
F3210,0.0,False
F2827,0.0,False
F3026,0.0,False
F2953,0.0,False
F2954,0.0,False
F2955,0.0,False
F3679,0.0,False
F2958,0.0,False
F2959,0.0,False
F2960,0.0,False
F2961,0.0,False
F2962,0.0,False
F2963,0.0,False
F2964,0.0,False
F2965,0.0,False
F2966,0.0,False
F2969,0.0,False
F2970,0.0,False
F2972,0.0,False
F2973,0.0,False
F3678,0.0,False
F2974,0.0,False
F2952,0.0,False
F2951,0.0,False
F2950,0.0,False
F2938,0.0,False
F2930,0.0,False
F2931,0.0,False
F2932,0.0,False
F2933,0.0,False
F2934,0.0,False
F2935,0.0,False
F2936,0.0,False
F2937,0.0,False
F2939,0.0,False
F2949,0.0,False
F2941,0.0,False
F2942,0.0,False
F2943,0.0,False
F2944,0.0,False
F2945,0.0,False
F2946,0.0,False
F2947,0.0,False
F2948,0.0,False
F2975,0.0,False
F2976,0.0,False
F3677,0.0,False
F3671,0.0,False
F3008,0.0,False
F3673,0.0,False
F3010,0.0,False
F3011,0.0,False
F3012,0.0,False
F3013,0.0,False
F3014,0.0,False
F3015,0.0,False
F3016,0.0,False
F3005,0.0,False
F3017,0.0,False
F3018,0.0,False
F3019,0.0,False
F3020,0.0,False
F3021,0.0,False
F3022,0.0,False
F3023,0.0,False
F3024,0.0,False
F3006,0.0,False
F3003,0.0,False
F2977,0.0,False
F2986,0.0,False
F2978,0.0,False
F2979,0.0,False
F2980,0.0,False
F2981,0.0,False
F2982,0.0,False
F2983,0.0,False
F2984,0.0,False
F2985,0.0,False
F2987,0.0,False
F3674,0.0,False
F2988,0.0,False
F2989,0.0,False
F2993,0.0,False
F2995,0.0,False
F2998,0.0,False
F3676,0.0,False
F3000,0.0,False
F3001,0.0,False
F2929,0.0,False
F2928,0.0,False
F2927,0.0,False
F2864,0.0,False
F2854,0.0,False
F3688,0.0,False
F2856,0.0,False
F2857,0.0,False
F2858,0.0,False
F2859,0.0,False
F2861,0.0,False
F2862,0.0,False
F2865,0.0,False
F2852,0.0,False
F2866,0.0,False
F2867,0.0,False
F2868,0.0,False
F2869,0.0,False
F2870,0.0,False
F2871,0.0,False
F2872,0.0,False
F2873,0.0,False
F2853,0.0,False
F3689,0.0,False
F3687,0.0,False
F2838,0.0,False
F2828,0.0,False
F2829,0.0,False
F2830,0.0,False
F2832,0.0,False
F3693,0.0,False
F2833,0.0,False
F3692,0.0,False
F2836,0.0,False
F2839,0.0,False
F2850,0.0,False
F2841,0.0,False
F3691,0.0,False
F2843,0.0,False
F2844,0.0,False
F2845,0.0,False
F2846,0.0,False
F2847,0.0,False
F2849,0.0,False
F2874,0.0,False
F2875,0.0,False
F2926,0.0,False
F3682,0.0,False
F2905,0.0,False
F2906,0.0,False
F2907,0.0,False
F2909,0.0,False
F2910,0.0,False
F2912,0.0,False
F2913,0.0,False
F2915,0.0,False
F2916,0.0,False
F2903,0.0,False
F2918,0.0,False
F2919,0.0,False
F2920,0.0,False
F3681,0.0,False
F3680,0.0,False
F2922,0.0,False
F2923,0.0,False
F2925,0.0,False
F2904,0.0,False
F2902,0.0,False
F2876,0.0,False
F3685,0.0,False
F2877,0.0,False
F2878,0.0,False
F2879,0.0,False
F2880,0.0,False
F2881,0.0,False
F2882,0.0,False
F3686,0.0,False
F3588,0.0,False
F2887,0.0,False
F2901,0.0,False
F2888,0.0,False
F2892,0.0,False
F3684,0.0,False
F2895,0.0,False
F3683,0.0,False
F2897,0.0,False
F2899,0.0,False
F2900,0.0,False
F3025,0.0,False
F3670,0.0,False
F3209,0.0,False
F3028,0.0,False
F3149,0.0,False
F3151,0.0,False
F3152,0.0,False
F3153,0.0,False
F3154,0.0,False
F3155,0.0,False
F3156,0.0,False
F3652,0.0,False
F3651,0.0,False
F3157,0.0,False
F3158,0.0,False
F3159,0.0,False
F3160,0.0,False
F3161,0.0,False
F3162,0.0,False
F3163,0.0,False
F3164,0.0,False
F3165,0.0,False
F3166,0.0,False
F3148,0.0,False
F3147,0.0,False
F3145,0.0,False
F3130,0.0,False
F3122,0.0,False
F3123,0.0,False
F3124,0.0,False
F3125,0.0,False
F3126,0.0,False
F3127,0.0,False
F3128,0.0,False
F3129,0.0,False
F3131,0.0,False
F3144,0.0,False
F3132,0.0,False
F3134,0.0,False
F3135,0.0,False
F3653,0.0,False
F3137,0.0,False
F3140,0.0,False
F3142,0.0,False
F3143,0.0,False
F3167,0.0,False
F3168,0.0,False
F3169,0.0,False
F3201,0.0,False
F3194,0.0,False
F3195,0.0,False
F3196,0.0,False
F3648,0.0,False
F3197,0.0,False
F3198,0.0,False
F3199,0.0,False
F3200,0.0,False
F3202,0.0,False
F3192,0.0,False
F3203,0.0,False
F3204,0.0,False
F3205,0.0,False
F3206,0.0,False
F3207,0.0,False
F3647,0.0,False
F3208,0.0,False
F3646,0.0,False
F3193,0.0,False
F3191,0.0,False
F3170,0.0,False
F3178,0.0,False
F3171,0.0,False
F3650,0.0,False
F3172,0.0,False
F3173,0.0,False
F3174,0.0,False
F3175,0.0,False
F3176,0.0,False
F3177,0.0,False
F3180,0.0,False
F3190,0.0,False
F3181,0.0,False
F3183,0.0,False
F3184,0.0,False
F3185,0.0,False
F3186,0.0,False
F3187,0.0,False
F3188,0.0,False
F3189,0.0,False
F3121,0.0,False
F3120,0.0,False
F3119,0.0,False
F3060,0.0,False
F3052,0.0,False
F3053,0.0,False
F3054,0.0,False
F3055,0.0,False
F3056,0.0,False
F3057,0.0,False
F3058,0.0,False
F3059,0.0,False
F3061,0.0,False
F3049,0.0,False
F3664,0.0,False
F3663,0.0,False
F3064,0.0,False
F3662,0.0,False
F3661,0.0,False
F3066,0.0,False
F3067,0.0,False
F3068,0.0,False
F3050,0.0,False
F3048,0.0,False
F3660,0.0,False
F3038,0.0,False
F3029,0.0,False
F3031,0.0,False
F3032,0.0,False
F3033,0.0,False
F3034,0.0,False
F3035,0.0,False
F3036,0.0,False
F3037,0.0,False
F3039,0.0,False
F3047,0.0,False
F3669,0.0,False
F3040,0.0,False
F3041,0.0,False
F3667,0.0,False
F3042,0.0,False
F3666,0.0,False
F3044,0.0,False
F3046,0.0,False
F3069,0.0,False
F3070,0.0,False
F3118,0.0,False
F3103,0.0,False
F2262,0.0,False
F3656,0.0,False
F3097,0.0,False
F3098,0.0,False
F3099,0.0,False
F3100,0.0,False
F3101,0.0,False
F3102,0.0,False
F3104,0.0,False
F3094,0.0,False
F3655,0.0,False
F3110,0.0,False
F3111,0.0,False
F3113,0.0,False
F3114,0.0,False
F3654,0.0,False
F3116,0.0,False
F3117,0.0,False
F3657,0.0,False
F3658,0.0,False
F3071,0.0,False
F3082,0.0,False
F3072,0.0,False
F3073,0.0,False
F3075,0.0,False
F3076,0.0,False
F3659,0.0,False
F3079,0.0,False
F3080,0.0,False
F3081,0.0,False
F3083,0.0,False
F3092,0.0,False
F3084,0.0,False
F3085,0.0,False
F3086,0.0,False
F3087,0.0,False
F3088,0.0,False
F3089,0.0,False
F3090,0.0,False
F3091,0.0,False
F3095,0.0,False
F1,0.0,False
F2260,0.0,False
F808,0.0,False
F811,0.0,False
F812,0.0,False
F814,0.0,False
F815,0.0,False
F816,0.0,False
F817,0.0,False
F818,0.0,False
F819,0.0,False
F826,0.0,False
F827,0.0,False
F828,0.0,False
F829,0.0,False
F830,0.0,False
F831,0.0,False
F832,0.0,False
F835,0.0,False
F838,0.0,False
F839,0.0,False
F840,0.0,False
F841,0.0,False
F842,0.0,False
F809,0.0,False
F795,0.0,False
F845,0.0,False
F793,0.0,False
F745,0.0,False
F746,0.0,False
F747,0.0,False
F772,0.0,False
F773,0.0,False
F774,0.0,False
F775,0.0,False
F776,0.0,False
F777,0.0,False
F778,0.0,False
F779,0.0,False
F780,0.0,False
F782,0.0,False
F784,0.0,False
F785,0.0,False
F786,0.0,False
F787,0.0,False
F788,0.0,False
F789,0.0,False
F790,0.0,False
F792,0.0,False
F843,0.0,False
F846,0.0,False
F584,0.0,False
F893,0.0,False
F896,0.0,False
F898,0.0,False
F901,0.0,False
F916,0.0,False
F917,0.0,False
F919,0.0,False
F920,0.0,False
F922,0.0,False
F924,0.0,False
F925,0.0,False
F927,0.0,False
F934,0.0,False
F935,0.0,False
F936,0.0,False
F938,0.0,False
F939,0.0,False
F940,0.0,False
F941,0.0,False
F942,0.0,False
F943,0.0,False
F944,0.0,False
F895,0.0,False
F892,0.0,False
F848,0.0,False
F891,0.0,False
F849,0.0,False
F850,0.0,False
F851,0.0,False
F852,0.0,False
F853,0.0,False
F854,0.0,False
F855,0.0,False
F862,0.0,False
F864,0.0,False
F865,0.0,False
F867,0.0,False
F880,0.0,False
F881,0.0,False
F882,0.0,False
F883,0.0,False
F884,0.0,False
F885,0.0,False
F887,0.0,False
F888,0.0,False
F889,0.0,False
F890,0.0,False
F744,0.0,False
F743,0.0,False
F742,0.0,False
F612,0.0,False
F614,0.0,False
F615,0.0,False
F622,0.0,False
F623,0.0,False
F624,0.0,False
F626,0.0,False
F627,0.0,False
F628,0.0,False
F629,0.0,False
F630,0.0,False
F632,0.0,False
F633,0.0,False
F634,0.0,False
F635,0.0,False
F636,0.0,False
F638,0.0,False
F639,0.0,False
F664,0.0,False
F665,0.0,False
F666,0.0,False
F667,0.0,False
F613,0.0,False
F611,0.0,False
F741,0.0,False
F610,0.0,False
F586,0.0,False
F587,0.0,False
F588,0.0,False
F589,0.0,False
F590,0.0,False
F591,0.0,False
F592,0.0,False
F593,0.0,False
F595,0.0,False
F596,0.0,False
F599,0.0,False
F600,0.0,False
F601,0.0,False
F602,0.0,False
F603,0.0,False
F604,0.0,False
F605,0.0,False
F606,0.0,False
F607,0.0,False
F608,0.0,False
F609,0.0,False
F668,0.0,False
F669,0.0,False
F670,0.0,True
F671,0.0,False
F714,0.0,False
F715,0.0,False
F716,0.0,False
F717,0.0,False
F718,0.0,False
F719,0.0,False
F720,0.0,False
F721,0.0,False
F722,0.0,False
F723,0.0,False
F730,0.0,False
F731,0.0,False
F732,0.0,False
F733,0.0,False
F734,0.0,False
F735,0.0,False
F736,0.0,False
F737,0.0,False
F738,0.0,False
F739,0.0,False
F740,0.0,False
F713,0.0,False
F712,0.0,False
F711,0.0,False
F681,0.0,False
F672,0.0,False
F673,0.0,False
F674,0.0,False
F675,0.0,False
F676,0.0,False
F677,0.0,False
F678,0.0,False
F679,0.0,False
F680,0.0,False
F682,0.0,False
F710,0.0,False
F683,0.0,False
F684,0.0,False
F685,0.0,False
F686,0.0,False
F687,0.0,False
F706,0.0,False
F707,0.0,False
F708,0.0,False
F709,0.0,False
F945,0.0,False
F946,0.0,False
F947,0.0,False
F1097,0.0,False
F1099,0.0,False
F1100,0.0,False
F1101,0.0,False
F1102,0.0,False
F1103,0.0,False
F1107,0.0,False
F1108,0.0,False
F1109,0.0,False
F1110,0.0,False
F1111,0.0,False
F1112,0.0,False
F1113,0.0,False
F1114,0.0,False
F1115,0.0,False
F1116,0.0,False
F1117,0.0,False
F1118,0.0,False
F1119,0.0,False
F1120,0.0,False
F1121,0.0,False
F1122,0.0,False
F1098,0.0,False
F1096,0.0,False
F1066,0.0,False
F1094,0.0,False
F1068,0.0,False
F1070,0.0,False
F1072,0.0,False
F1074,0.0,False
F1075,0.0,False
F1077,0.0,False
F1078,0.0,False
F1079,0.0,False
F1080,0.0,False
F1081,0.0,False
F1082,0.0,False
F1083,0.0,False
F1084,0.0,False
F1085,0.0,False
F1086,0.0,False
F1088,0.0,False
F1089,0.0,False
F1090,0.0,False
F1091,0.0,False
F1092,0.0,False
F1093,0.0,False
F1123,0.0,False
F1124,0.0,False
F1125,0.0,False
F1132,0.0,False
F1159,0.0,False
F1160,0.0,False
F1161,0.0,False
F1162,0.0,False
F1163,0.0,False
F1164,0.0,False
F1167,0.0,False
F1168,0.0,False
F1169,0.0,False
F1170,0.0,False
F1174,0.0,False
F1175,0.0,False
F1176,0.0,False
F1178,0.0,False
F1179,0.0,False
F1180,0.0,False
F1182,0.0,False
F1186,0.0,False
F1187,0.0,False
F1188,0.0,False
F1189,0.0,False
F1158,0.0,False
F1157,0.0,False
F1156,0.0,False
F1142,0.0,False
F1133,0.0,False
F1134,0.0,False
F1135,0.0,False
F1136,0.0,False
F1137,0.0,False
F1138,0.0,False
F1139,0.0,False
F1140,0.0,False
F1141,0.0,False
F1143,0.0,False
F1155,0.0,False
F1144,0.0,False
F1145,0.0,False
F1146,0.0,False
F1147,0.0,False
F1148,0.0,False
F1149,0.0,False
F1150,0.0,False
F1151,0.0,False
F1152,0.0,False
F1067,0.0,False
F1065,0.0,False
F948,0.0,False
F977,0.0,False
F979,0.0,False
F980,0.0,False
F981,0.0,False
F982,0.0,False
F983,0.0,False
F984,0.0,False
F985,0.0,False
F986,0.0,False
F987,0.0,False
F988,0.0,False
F989,0.0,False
F990,0.0,False
F993,0.0,False
F994,0.0,False
F995,0.0,False
F997,0.0,False
F998,0.0,False
F1000,0.0,False
F1001,0.0,False
F1002,0.0,False
F1003,0.0,False
F978,0.0,False
F976,0.0,False
F1064,0.0,False
F975,0.0,False
F951,0.0,False
F952,0.0,False
F953,0.0,False
F954,0.0,False
F955,0.0,False
F956,0.0,False
F957,0.0,False
F958,0.0,False
F959,0.0,False
F960,0.0,False
F962,0.0,False
F963,0.0,False
F964,0.0,False
F966,0.0,False
F967,0.0,False
F969,0.0,False
F970,0.0,False
F971,0.0,False
F972,0.0,False
F973,0.0,False
F974,0.0,False
F1004,0.0,False
F1005,0.0,False
F1006,0.0,False
F1007,0.0,False
F1038,0.0,False
F1039,0.0,False
F1040,0.0,False
F1041,0.0,False
F1042,0.0,False
F1044,0.0,False
F1046,0.0,False
F1047,0.0,False
F1048,0.0,False
F1049,0.0,False
F1050,0.0,False
F1051,0.0,False
F1052,0.0,False
F1053,0.0,False
F1054,0.0,False
F1055,0.0,False
F1056,0.0,False
F1060,0.0,False
F1061,0.0,False
F1062,0.0,False
F1063,0.0,False
F1037,0.0,False
F1036,0.0,False
F1035,0.0,False
F1017,0.0,False
F1008,0.0,False
F1009,0.0,False
F1010,0.0,False
F1011,0.0,False
F1012,0.0,False
F1013,0.0,False
F1014,0.0,False
F1015,0.0,False
F1016,0.0,False
F1024,0.0,False
F1034,0.0,False
F1025,0.0,False
F1026,0.0,False
F1027,0.0,False
F1028,0.0,False
F1029,0.0,False
F1030,0.0,False
F1031,0.0,False
F1032,0.0,False
F1033,0.0,False
F585,0.0,False
F583,0.0,False
F2258,0.0,False
F178,0.0,False
F180,0.0,False
F187,0.0,False
F188,0.0,False
F190,0.0,False
F191,0.0,False
F194,0.0,False
F195,0.0,False
F197,0.0,False
F198,0.0,False
F199,0.0,False
F200,0.0,False
F201,0.0,False
F202,0.0,False
F203,0.0,False
F205,0.0,False
F206,0.0,False
F207,0.0,False
F209,0.0,False
F210,0.0,False
F211,0.0,False
F212,0.0,False
F179,0.0,False
F177,0.0,False
F214,0.0,False
F176,0.0,False
F137,0.0,False
F138,0.0,False
F139,0.0,False
F140,0.0,False
F141,0.0,False
F143,0.0,False
F144,0.0,False
F146,0.0,False
F147,0.0,False
F149,0.0,False
F153,0.0,False
F158,0.0,False
F164,0.0,False
F165,0.0,False
F167,0.0,False
F168,0.0,False
F169,0.0,False
F170,0.0,False
F173,0.0,False
F174,0.0,False
F175,0.0,False
F213,0.0,False
F215,0.0,False
F582,0.0,False
F250,0.0,False
F252,0.0,False
F254,0.0,False
F255,0.0,False
F256,0.0,False
F257,0.0,False
F258,0.0,False
F262,0.0,False
F264,0.0,False
F266,0.0,False
F271,0.0,False
F273,0.0,False
F274,0.0,False
F275,0.0,False
F276,0.0,False
F277,0.0,False
F278,0.0,False
F279,0.0,False
F280,0.0,False
F281,0.0,False
F282,0.0,False
F283,0.0,False
F251,0.0,False
F249,0.0,False
F216,0.0,False
F248,0.0,False
F217,0.0,False
F218,0.0,False
F222,0.0,False
F223,0.0,False
F225,0.0,False
F226,0.0,False
F230,0.0,False
F232,0.0,False
F233,0.0,False
F234,0.0,False
F235,0.0,False
F237,0.0,False
F238,0.0,False
F240,0.0,False
F241,0.0,False
F242,0.0,False
F243,0.0,False
F244,0.0,False
F245,0.0,False
F246,0.0,False
F247,0.0,False
F136,0.0,False
F135,0.0,False
F134,0.0,False
F35,0.0,False
F37,0.0,False
F38,0.0,False
F39,0.0,False
F40,0.0,False
F41,0.0,False
F42,0.0,False
F43,0.0,False
F44,0.0,False
F45,0.0,False
F46,0.0,False
F47,0.0,False
F48,0.0,False
F49,0.0,False
F50,0.0,False
F51,0.0,False
F52,0.0,False
F53,0.0,False
F54,0.0,False
F55,0.0,False
F56,0.0,False
F58,0.0,False
F36,0.0,False
F34,0.0,False
F133,0.0,False
F33,0.0,False
F3,0.0,False
F5,0.0,False
F6,0.0,False
F7,0.0,False
F8,0.0,False
F9,0.0,False
F10,0.0,False
F11,0.0,False
F12,0.0,False
F15,0.0,False
F18,0.0,False
F19,0.0,False
F21,0.0,False
F22,0.0,False
F25,0.0,False
F26,0.0,False
F27,0.0,False
F28,0.0,False
F29,0.0,False
F31,0.0,False
F32,0.0,False
F66,0.0,False
F67,0.0,False
F68,0.0,False
F69,0.0,False
F97,0.0,False
F98,0.0,False
F99,0.0,False
F100,0.0,False
F101,0.0,False
F103,0.0,False
F104,0.0,False
F105,0.0,False
F106,0.0,False
F107,0.0,False
F109,0.0,False
F110,0.0,False
F111,0.0,False
F113,0.0,False
F115,0.0,True
F117,0.0,False
F121,0.0,False
F124,0.0,False
F127,0.0,False
F130,0.0,False
F132,0.0,False
F96,0.0,False
F94,0.0,False
F93,0.0,False
F79,0.0,False
F70,0.0,False
F71,0.0,False
F72,0.0,False
F73,0.0,False
F74,0.0,False
F75,0.0,False
F76,0.0,False
F77,0.0,False
F78,0.0,False
F80,0.0,False
F91,0.0,False
F81,0.0,False
F82,0.0,False
F83,0.0,False
F84,0.0,False
F86,0.0,False
F87,0.0,False
F88,0.0,False
F89,0.0,False
F90,0.0,False
F284,0.0,False
F285,0.0,False
F286,0.0,False
F463,0.0,False
F476,0.0,False
F477,0.0,False
F480,0.0,False
F481,0.0,False
F483,0.0,False
F484,0.0,False
F485,0.0,False
F486,0.0,False
F487,0.0,False
F488,0.0,False
F489,0.0,False
F490,0.0,False
F491,0.0,False
F493,0.0,False
F494,0.0,False
F497,0.0,False
F498,0.0,False
F499,0.0,False
F500,0.0,False
F501,0.0,False
F502,0.0,False
F474,0.0,False
F462,0.0,False
F424,0.0,False
F461,0.0,False
F429,0.0,False
F430,0.0,False
F431,0.0,False
F432,0.0,False
F436,0.0,False
F438,0.0,False
F441,0.0,False
F442,0.0,False
F443,0.0,False
F444,0.0,False
F445,0.0,False
F446,0.0,False
F447,0.0,False
F449,0.0,False
F450,0.0,False
F451,0.0,False
F452,0.0,False
F453,0.0,False
F454,0.0,False
F455,0.0,False
F458,0.0,False
F503,0.0,False
F504,0.0,False
F505,0.0,False
F506,0.0,False
F549,0.0,False
F550,0.0,False
F551,0.0,False
F552,0.0,False
F553,0.0,False
F554,0.0,False
F555,0.0,False
F557,0.0,False
F558,0.0,False
F559,0.0,False
F560,0.0,False
F561,0.0,False
F571,0.0,False
F574,0.0,False
F575,0.0,False
F576,0.0,False
F577,0.0,False
F578,0.0,False
F579,0.0,False
F580,0.0,False
F581,0.0,False
F548,0.0,False
F547,0.0,False
F546,0.0,False
F521,0.0,False
F507,0.0,False
F508,0.0,False
F509,0.0,False
F510,0.0,False
F513,0.0,False
F514,0.0,False
F516,0.0,False
F519,0.0,False
F520,0.0,False
F529,0.0,False
F545,0.0,False
F530,0.0,False
F531,0.0,True
F534,0.0,False
F536,0.0,False
F537,0.0,False
F540,0.0,False
F541,0.0,False
F543,0.0,False
F544,0.0,False
F428,0.0,False
F423,0.0,False
F287,0.0,False
F316,0.0,False
F318,0.0,False
F319,0.0,False
F321,0.0,True
F323,0.0,False
F324,0.0,False
F327,0.0,False
F329,0.0,False
F330,0.0,False
F333,0.0,False
F335,0.0,False
F337,0.0,False
F338,0.0,False
F339,0.0,False
F340,0.0,False
F341,0.0,False
F342,0.0,False
F343,0.0,False
F344,0.0,False
F345,0.0,False
F346,0.0,False
F347,0.0,False
F317,0.0,False
F315,0.0,False
F420,0.0,False
F314,0.0,False
F288,0.0,False
F289,0.0,False
F291,0.0,False
F292,0.0,False
F294,0.0,False
F295,0.0,False
F296,0.0,False
F297,0.0,False
F298,0.0,False
F299,0.0,False
F300,0.0,False
F302,0.0,False
F303,0.0,False
F304,0.0,False
F305,0.0,False
F306,0.0,False
F307,0.0,False
F310,0.0,False
F311,0.0,False
F312,0.0,False
F313,0.0,False
F348,0.0,False
F349,0.0,False
F350,0.0,False
F351,0.0,False
F396,0.0,False
F397,0.0,False
F398,0.0,False
F399,0.0,False
F400,0.0,False
F401,0.0,False
F402,0.0,False
F403,0.0,False
F404,0.0,False
F405,0.0,False
F406,0.0,False
F407,0.0,False
F409,0.0,False
F410,0.0,False
F411,0.0,False
F412,0.0,False
F413,0.0,False
F414,0.0,False
F415,0.0,False
F417,0.0,False
F418,0.0,False
F395,0.0,False
F394,0.0,False
F392,0.0,False
F376,0.0,False
F352,0.0,False
F353,0.0,False
F354,0.0,False
F355,0.0,False
F356,0.0,False
F360,0.0,False
F371,0.0,False
F372,0.0,False
F375,0.0,False
F377,0.0,False
F389,0.0,False
F378,0.0,False
F380,0.0,False
F381,0.0,False
F382,0.0,False
F383,0.0,False
F384,0.0,False
F386,0.0,False
F387,0.0,False
F388,0.0,False
F1190,0.0,False
F1191,0.0,False
F1192,0.0,False
F1866,0.0,False
F1868,0.0,False
F1869,0.0,False
F1870,0.0,False
F1871,0.0,False
F1872,0.0,False
F1873,0.0,False
F1874,0.0,False
F1875,0.0,False
F1876,0.0,False
F1877,0.0,False
F1878,0.0,False
F1879,0.0,False
F1880,0.0,False
F1881,0.0,False
F1888,0.0,False
F1889,0.0,False
F1891,0.0,False
F1892,0.0,False
F1894,0.0,False
F1895,0.0,False
F1896,0.0,False
F1867,0.0,False
F1864,0.0,False
F1898,0.0,False
F1857,0.0,False
F1831,0.0,False
F1833,0.0,False
F1834,0.0,False
F1835,0.0,False
F1836,0.0,False
F1837,0.0,False
F1838,0.0,False
F1839,0.0,False
F1840,0.0,False
F1841,0.0,False
F1842,0.0,False
F1843,0.0,False
F1844,0.0,False
F1845,0.0,False
F1846,0.0,False
F1847,0.0,False
F1848,0.0,False
F1850,0.0,False
F1851,0.0,False
F1854,0.0,False
F1855,0.0,False
F1897,0.0,False
F1899,0.0,False
F1193,0.0,False
F1939,0.0,False
F1942,0.0,False
F1943,0.0,False
F1944,0.0,False
F1945,0.0,False
F1946,0.0,False
F1947,0.0,False
F1948,0.0,False
F1949,0.0,False
F1950,0.0,False
F1951,0.0,False
F1952,0.0,False
F1953,0.0,False
F1955,0.0,False
F1956,0.0,False
F1957,0.0,False
F1958,0.0,False
F1959,0.0,False
F1966,0.0,False
F1969,0.0,False
F1972,0.0,False
F1973,0.0,False
F1941,0.0,False
F1936,0.0,False
F1900,0.0,False
F1935,0.0,False
F1901,0.0,False
F1902,0.0,False
F1903,0.0,False
F1904,0.0,False
F1905,0.0,False
F1906,0.0,False
F1907,0.0,False
F1908,0.0,False
F1910,0.0,False
F1911,0.0,False
F1912,0.0,False
F1913,0.0,False
F1914,0.0,False
F1915,0.0,False
F1916,0.0,False
F1917,0.0,False
F1918,0.0,False
F1925,0.0,False
F1926,0.0,False
F1929,0.0,False
F1934,0.0,False
F1830,0.0,False
F1828,0.0,False
F1827,0.0,False
F1711,0.0,False
F1715,0.0,False
F1718,0.0,False
F1719,0.0,False
F1720,0.0,False
F1722,0.0,False
F1723,0.0,False
F1725,0.0,False
F1726,0.0,False
F1727,0.0,False
F1728,0.0,False
F1729,0.0,False
F1730,0.0,False
F1731,0.0,False
F1732,0.0,False
F1733,0.0,False
F1734,0.0,False
F1735,0.0,False
F1736,0.0,False
F1737,0.0,False
F1738,0.0,False
F1739,0.0,False
F1714,0.0,False
F1709,0.0,False
F1823,0.0,False
F1708,0.0,False
F1681,0.0,False
F1682,0.0,False
F1683,0.0,False
F1684,0.0,False
F1686,0.0,False
F1687,0.0,False
F1688,0.0,False
F1689,0.0,False
F1690,0.0,False
F1691,0.0,False
F1692,0.0,True
F1693,0.0,False
F1694,0.0,False
F1695,0.0,False
F1696,0.0,False
F1697,0.0,False
F1698,0.0,False
F1699,0.0,False
F1700,0.0,False
F1701,0.0,False
F1702,0.0,False
F1740,0.0,False
F1741,0.0,False
F1742,0.0,False
F1745,0.0,False
F1787,0.0,False
F1788,0.0,False
F1789,0.0,False
F1790,0.0,False
F1791,0.0,False
F1792,0.0,False
F1793,0.0,False
F1794,0.0,False
F1795,0.0,False
F1796,0.0,False
F1797,0.0,False
F1798,0.0,False
F1799,0.0,False
F1800,0.0,False
F1803,0.0,False
F1804,0.0,False
F1805,0.0,False
F1806,0.0,False
F1807,0.0,False
F1808,0.0,False
F1809,0.0,False
F1786,0.0,False
F1784,0.0,False
F1783,0.0,False
F1763,0.0,False
F1747,0.0,False
F1748,0.0,False
F1749,0.0,False
F1752,0.0,False
F1756,0.0,False
F1758,0.0,False
F1759,0.0,False
F1761,0.0,False
F1762,0.0,False
F1764,0.0,False
F1781,0.0,False
F1765,0.0,False
F1766,0.0,False
F1768,0.0,False
F1769,0.0,False
F1770,0.0,False
F1771,0.0,False
F1772,0.0,False
F1773,0.0,False
F1780,0.0,False
F1974,0.0,False
F1975,0.0,False
F1976,0.0,False
F2155,0.0,False
F2159,0.0,False
F2160,0.0,False
F2161,0.0,False
F2162,0.0,False
F2163,0.0,False
F2164,0.0,False
F2165,0.0,False
F2166,0.0,False
F2167,0.0,False
F2168,0.0,False
F2169,0.0,False
F2171,0.0,False
F2174,0.0,False
F2178,0.0,False
F2179,0.0,False
F2180,0.0,False
F2181,0.0,False
F2185,0.0,False
F2187,0.0,False
F2188,0.0,False
F2190,0.0,False
F2158,0.0,False
F2154,0.0,False
F2114,0.0,False
F2152,0.0,False
F2116,0.0,False
F2117,0.0,False
F2118,0.0,False
F2119,0.0,False
F2120,0.0,False
F2121,0.0,False
F2123,0.0,False
F2126,0.0,False
F2127,0.0,False
F2128,0.0,False
F2129,0.0,False
F2130,0.0,False
F2131,0.0,False
F2132,0.0,False
F2133,0.0,False
F2134,0.0,False
F2135,0.0,False
F2140,0.0,False
F2147,0.0,False
F2149,0.0,False
F2151,0.0,False
F2192,0.0,False
F2193,0.0,False
F2194,0.0,False
F2195,0.0,False
F2231,0.0,False
F2232,0.0,False
F2233,0.0,False
F2235,0.0,False
F2237,0.0,False
F2238,0.0,False
F2239,0.0,False
F2240,0.0,False
F2241,0.0,False
F2242,0.0,False
F2243,0.0,False
F2245,0.0,False
F2246,0.0,False
F2248,0.0,False
F2249,0.0,False
F2250,0.0,False
F2251,0.0,False
F2252,0.0,False
F2255,0.0,False
F2256,0.0,False
F2257,0.0,False
F2229,0.0,False
F2228,0.0,False
F2227,0.0,False
F2212,0.0,False
F2196,0.0,False
F2197,0.0,False
F2198,0.0,False
F2199,0.0,False
F2201,0.0,False
F2202,0.0,False
F2203,0.0,False
F2204,0.0,False
F2205,0.0,False
F2213,0.0,False
F2226,0.0,False
F2215,0.0,False
F2216,0.0,False
F2218,0.0,False
F2219,0.0,False
F2220,0.0,False
F2221,0.0,False
F2222,0.0,False
F2224,0.0,False
F2225,0.0,False
F2115,0.0,False
F2113,0.0,False
F1977,0.0,False
F2010,0.0,False
F2012,0.0,False
F2013,0.0,False
F2014,0.0,False
F2015,0.0,False
F2017,0.0,False
F2018,0.0,False
F2019,0.0,False
F2020,0.0,False
F2021,0.0,False
F2022,0.0,False
F2023,0.0,False
F2024,0.0,False
F2025,0.0,False
F2031,0.0,False
F2036,0.0,False
F2037,0.0,False
F2041,0.0,False
F2042,0.0,False
F2043,0.0,False
F2044,0.0,False
F2046,0.0,False
F2011,0.0,False
F2008,0.0,False
F2112,0.0,False
F2007,0.0,False
F1978,0.0,False
F1979,0.0,False
F1980,0.0,False
F1981,0.0,False
F1982,0.0,False
F1983,0.0,False
F1984,0.0,False
F1985,0.0,False
F1986,0.0,False
F1987,0.0,False
F1988,0.0,False
F1989,0.0,False
F1996,0.0,False
F1997,0.0,False
F1999,0.0,False
F2000,0.0,False
F2002,0.0,False
F2003,0.0,False
F2004,0.0,False
F2005,0.0,False
F2006,0.0,False
F2,0.0,False
F2049,0.0,False
F2050,0.0,False
F2051,0.0,False
F2083,0.0,False
F2084,0.0,False
F2085,0.0,False
F2086,0.0,False
F2087,0.0,False
F2088,0.0,False
F2089,0.0,False
F2090,0.0,False
F2091,0.0,False
F2092,0.0,False
F2093,0.0,False
F2094,0.0,False
F2095,0.0,False
F2096,0.0,False
F2097,0.0,False
F2104,0.0,False
F2105,0.0,False
F2107,0.0,False
F2108,0.0,False
F2110,0.0,False
F2111,0.0,False
F2082,0.0,True
F2081,0.0,False
F2080,0.0,False
F2061,0.0,False
F2052,0.0,False
F2053,0.0,False
F2054,0.0,False
F2055,0.0,False
F2056,0.0,False
F2057,0.0,False
F2058,0.0,False
F2059,0.0,False
F2060,0.0,False
F2063,0.0,False
F2079,0.0,False
F2065,0.0,False
F2066,0.0,False
F2067,0.0,False
F2069,0.0,False
F2070,0.0,False
F2071,0.0,False
F2072,0.0,False
F2077,0.0,False
F2078,0.0,False
F1680,0.0,False
F1679,0.0,False
F1678,0.0,False
F1337,0.0,False
F1339,0.0,False
F1340,0.0,False
F1341,0.0,False
F1348,0.0,False
F1349,0.0,False
F1350,0.0,False
F1351,0.0,False
F1352,0.0,False
F1353,0.0,False
F1354,0.0,False
F1355,0.0,False
F1356,0.0,False
F1357,0.0,False
F1358,0.0,False
F1359,0.0,False
F1360,0.0,False
F1361,0.0,False
F1362,0.0,False
F1363,0.0,False
F1364,0.0,False
F1365,0.0,False
F1338,0.0,False
F1336,0.0,False
F1308,0.0,False
F1335,0.0,False
F1310,0.0,False
F1311,0.0,False
F1313,0.0,False
F1314,0.0,False
F1315,0.0,False
F1316,0.0,False
F1317,0.0,False
F1319,0.0,False
F1320,0.0,False
F1321,0.0,False
F1324,0.0,False
F1325,0.0,False
F1326,0.0,False
F1327,0.0,False
F1328,0.0,False
F1329,0.0,False
F1330,0.0,False
F1331,0.0,False
F1332,0.0,False
F1333,0.0,False
F1334,0.0,False
F1366,0.0,False
F1367,0.0,False
F1368,0.0,False
F1371,0.0,False
F1403,0.0,False
F1404,0.0,False
F1405,0.0,False
F1406,0.0,False
F1407,0.0,False
F1408,0.0,False
F1409,0.0,False
F1410,0.0,False
F1411,0.0,False
F1412,0.0,False
F1413,0.0,False
F1414,0.0,False
F1415,0.0,False
F1416,0.0,False
F1417,0.0,False
F1418,0.0,False
F1419,0.0,False
F1420,0.0,False
F1421,0.0,False
F1422,0.0,False
F1423,0.0,False
F1402,0.0,False
F1401,0.0,False
F1399,0.0,False
F1384,0.0,False
F1372,0.0,False
F1373,0.0,False
F1374,0.0,False
F1375,0.0,False
F1376,0.0,False
F1377,0.0,False
F1378,0.0,False
F1379,0.0,False
F1380,0.0,False
F1385,0.0,False
F1398,0.0,False
F1386,0.0,False
F1387,0.0,False
F1390,0.0,False
F1391,0.0,False
F1392,0.0,False
F1393,0.0,False
F1394,0.0,False
F1395,0.0,False
F1396,0.0,False
F1309,0.0,False
F1307,0.0,False
F1425,0.0,False
F1220,0.0,False
F1222,0.0,False
F1223,0.0,False
F1224,0.0,False
F1225,0.0,False
F1226,0.0,False
F1227,0.0,False
F1228,0.0,False
F1229,0.0,False
F1230,0.0,False
F1231,0.0,False
F1232,0.0,False
F1233,0.0,False
F1240,0.0,False
F1241,0.0,False
F1242,0.0,False
F1243,0.0,False
F1244,0.0,False
F1245,0.0,False
F1247,0.0,False
F1248,0.0,False
F1250,0.0,False
F1221,0.0,False
F1219,0.0,False
F1306,0.0,False
F1218,0.0,False
F1194,0.0,False
F1195,0.0,False
F1196,0.0,False
F1197,0.0,False
F1198,0.0,False
F1199,0.0,False
F1200,0.0,False
F1201,0.0,False
F1202,0.0,False
F1203,0.0,False
F1204,0.0,False
F1205,0.0,False
F1206,0.0,False
F1207,0.0,False
F1208,0.0,False
F1210,0.0,False
F1211,0.0,False
F1212,0.0,False
F1213,0.0,False
F1216,0.0,False
F1217,0.0,False
F1251,0.0,False
F1252,0.0,False
F1253,0.0,False
F1254,0.0,False
F1283,0.0,False
F1284,0.0,False
F1285,0.0,False
F1286,0.0,False
F1287,0.0,False
F1288,0.0,False
F1290,0.0,False
F1291,0.0,False
F1293,0.0,False
F1294,0.0,False
F1295,0.0,False
F1296,0.0,False
F1297,0.0,False
F1298,0.0,False
F1299,0.0,False
F1300,0.0,False
F1301,0.0,False
F1302,0.0,False
F1303,0.0,False
F1304,0.0,False
F1305,0.0,False
F1281,0.0,False
F1280,0.0,False
F1279,0.0,False
F1265,0.0,False
F1255,0.0,False
F1256,0.0,False
F1257,0.0,False
F1258,0.0,False
F1259,0.0,False
F1260,0.0,False
F1262,0.0,False
F1263,0.0,False
F1264,0.0,False
F1266,0.0,False
F1278,0.0,False
F1267,0.0,False
F1268,0.0,False
F1269,0.0,False
F1270,0.0,False
F1271,0.0,False
F1272,0.0,False
F1274,0.0,False
F1276,0.0,False
F1277,0.0,False
F1424,0.0,False
F1426,0.0,False
F1676,0.0,False
F1574,0.0,False
F1576,0.0,False
F1577,0.0,False
F1578,0.0,False
F1579,0.0,False
F1580,0.0,False
F1581,0.0,False
F1582,0.0,False
F1583,0.0,False
F1584,0.0,False
F1586,0.0,False
F1587,0.0,False
F1588,0.0,False
F1589,0.0,False
F1590,0.0,False
F1591,0.0,False
F1592,0.0,False
F1593,0.0,False
F1595,0.0,False
F1600,0.0,False
F1603,0.0,False
F1604,0.0,False
F1575,0.0,False
F1572,0.0,False
F1541,0.0,False
F1571,0.0,False
F1544,0.0,False
F1545,0.0,False
F1546,0.0,False
F1547,0.0,False
F1548,0.0,False
F1549,0.0,False
F1550,0.0,False
F1551,0.0,False
F1552,0.0,False
F1553,0.0,False
F1554,0.0,False
F1555,0.0,False
F1556,0.0,False
F1557,0.0,False
F1564,0.0,False
F1565,0.0,False
F1566,0.0,False
F1567,0.0,False
F1568,0.0,False
F1569,0.0,False
F1570,0.0,False
F1606,0.0,False
F1607,0.0,False
F1611,0.0,False
F1612,0.0,False
F1642,0.0,False
F1643,0.0,False
F1648,0.0,False
F1650,0.0,False
F1651,0.0,False
F1653,0.0,False
F1654,0.0,False
F1655,0.0,False
F1656,0.0,False
F1657,0.0,False
F1658,0.0,False
F1659,0.0,False
F1660,0.0,False
F1661,0.0,False
F1662,0.0,False
F1663,0.0,False
F1664,0.0,False
F1665,0.0,False
F1672,0.0,False
F1673,0.0,False
F1675,0.0,False
F1640,0.0,False
F1638,0.0,False
F1637,0.0,False
F1624,0.0,False
F1614,0.0,False
F1615,0.0,False
F1617,0.0,False
F1618,0.0,False
F1619,0.0,False
F1620,0.0,False
F1621,0.0,False
F1622,0.0,False
F1623,0.0,False
F1625,0.0,False
F1635,0.0,False
F1626,0.0,False
F1627,0.0,False
F1628,0.0,False
F1629,0.0,False
F1630,0.0,False
F1631,0.0,False
F1632,0.0,False
F1633,0.0,False
F1634,0.0,False
F1542,0.0,False
F1540,0.0,False
F1427,0.0,False
F1459,0.0,False
F1461,0.0,False
F1462,0.0,False
F1463,0.0,False
F1464,0.0,False
F1465,0.0,False
F1466,0.0,False
F1467,0.0,False
F1468,0.0,False
F1469,0.0,False
F1470,0.0,False
F1471,0.0,False
F1472,0.0,False
F1473,0.0,False
F1474,0.0,False
F1475,0.0,False
F1476,0.0,False
F1477,0.0,False
F1479,0.0,False
F1480,0.0,False
F1481,0.0,False
F1482,0.0,False
F1460,0.0,False
F1458,0.0,False
F1539,0.0,False
F1457,0.0,False
F1428,0.0,False
F1430,0.0,False
F1432,0.0,False
F1433,0.0,False
F1434,0.0,False
F1435,0.0,False
F1436,0.0,False
F1437,0.0,False
F1438,0.0,False
F1439,0.0,False
F1440,0.0,False
F1441,0.0,False
F1442,0.0,False
F1443,0.0,False
F1444,0.0,False
F1445,0.0,False
F1446,0.0,False
F1447,0.0,False
F1448,0.0,False
F1449,0.0,False
F1456,0.0,False
F1483,0.0,False
F1484,0.0,False
F1485,0.0,False
F1486,0.0,False
F1516,0.0,False
F1517,0.0,False
F1518,0.0,False
F1519,0.0,False
F1520,0.0,False
F1521,0.0,False
F1523,0.0,False
F1524,0.0,False
F1525,0.0,False
F1526,0.0,False
F1527,0.0,False
F1528,0.0,False
F1529,0.0,False
F1530,0.0,False
F1531,0.0,False
F1532,0.0,False
F1533,0.0,False
F1534,0.0,False
F1535,0.0,False
F1536,0.0,False
F1538,0.0,False
F1515,0.0,False
F1514,0.0,False
F1513,0.0,False
F1498,0.0,False
F1487,0.0,False
F1488,0.0,False
F1490,0.0,False
F1492,0.0,False
F1493,0.0,False
F1494,0.0,False
F1495,0.0,False
F1496,0.0,False
F1497,0.0,False
F1499,0.0,False
F1512,0.0,False
F1500,0.0,False
F1501,0.0,False
F1502,0.0,False
F1503,0.0,False
F1504,0.0,False
F1506,0.0,False
F1507,0.0,False
F1510,0.0,False
F1511,0.0,False
F2047,0.0,False
